S2_S1	S3_S2	S4_S3	S5_S4	S6_S5	S7_S6	S8_S7
Picea_mature_1388	-1.84000523163321	1.48436274594521	0.798386127703593	-0.736160047013914	0.347574058460148	-0.0884059100978192	0.310035531337973
Picea_mature_654	-0.540302810400151	1.11401124124953	-0.353190886577224	-1.20345802926139	-0.812887623100582	-1.82966835631563	2.83885095552703
Picea_mature_3020	0.490506885740869	-1.86897534614064	-0.856396292881897	1.99563933836601	-1.42629805094899	1.79360524958034	-2.68103278328792
Picea_mature_3268	0	0	-3.10332158574343	-1.19389750654084	4.22975422896353	0.386876821722243	5.31001883773587
Picea_mature_3434	-0.814255871511786	1.2660467164633	-1.30327339372447	1.02800085829213	-1.51798135722187	2.85754262887069	-2.32106815286788
Picea_mature_2417	1.65963756723949	-3.56625459445854	-2.1718169638403	-1.4610964125156	-0.323049614742254	-0.0566571314897483	0.071859858864857
Picea_mature_401	1.32994490229141	1.93116404498616	0.180896384741898	-0.395866797637906	0.506308207781624	1.35967447944254	0.209371208419166
Picea_mature_2663	2.32009231555299	-3.8311149030559	-1.86421926505017	2.00091315001356	4.0627779763616	-7.80847458940843	0.296087193278425
Picea_mature_3740	-1.87133843698001	1.19169753537274	-0.363378442856494	1.01836036101019	-0.0553895945037894	1.65573684034157	0.368685984374129
Picea_mature_2104	1.45823659534979	-1.27855140158604	-2.76272515911825	0.139319756680755	4.18732341139594	-5.70090852285078	1.06038666792221
Picea_mature_3455	2.33082335902398	-0.124887930684856	0.129789442455025	-0.994681939608594	-0.0340465999032064	3.95316085118594	0.78874254036481
Picea_mature_1986	0	0	0	1.5869169427121	7.45591120169373	-7.02007373268369	0
Picea_mature_4000	-0.125101621286986	-0.436412654419792	-0.791784382398147	-0.210147850236832	0.555126986262729	-0.785244247300248	1.86839890884006
Picea_mature_3860	0.436310219570318	-0.374817899280411	-0.888675209618674	0.414791606345574	0.223606435851815	1.55001738421149	-0.992856770557181
Picea_mature_1112	-0.892407303869092	0.261641095391019	0.133588714003492	-2.60439607153159	0.285646144137489	-0.203996926614704	2.87096271373514
Picea_mature_1593	0	2.05032264645101	-0.944404296055362	1.0647523847715	-1.22371877718836	1.7390472488316	-1.32580174144798
Picea_mature_4007	-0.217479901774745	0.458742764893439	0.268919738917037	-0.712524535816712	0.572653829373394	-0.6687705916539	1.48041560504368
Picea_mature_4084	0.572763753743116	-1.84793741264251	-2.33675543198797	2.43520259175605	2.07689638106939	-6.60332963756479	-0.14137667580851
Picea_mature_3103	0.526279310509724	2.12487984455524	2.54437168043435	-0.598572858017294	-0.502700030244008	-0.331616094226694	2.83421517152219
Picea_mature_2054	-1.04613695018453	-1.37634293587359	-1.80663814196253	-0.0419772698953446	0.212962266256443	1.6793216796094	1.27448286245644
Picea_mature_1086	-2.18682880347857	4.52298095831954	-0.353901473987949	1.28824868636902	-1.35335080949141	3.33152352184972	-4.71667491156816
Picea_mature_1418	0.570575520124203	0.121867990839606	0.9791503921385	-0.263102466268254	0.314707743011203	-1.33255317519008	3.44654444821242
Picea_mature_3254	2.34117823708768	2.64837526971423	0.0721361426982064	-4.1524380871162	-0.581758575850712	-1.7045749632836	3.75436285042695
Picea_mature_2511	0.264445298676	-0.845248512576191	-3.43521955881779	1.33881324958013	-0.610511426748921	3.87912181520951	-1.26166158021506
Picea_mature_583	1.36455302033603	-0.759543069252691	-2.52021901993721	-0.873612841365636	10.153857549364	-7.9050172051827	-2.38770094945783
Picea_mature_223	0	0	0	1.5868368254211	0.647392976287047	2.18888263582959	3.24041052829626
Picea_mature_13	0.102421148659337	-0.41249203109751	-0.0154521623121879	-0.967412002939591	0.0336872773441154	1.6899179273542	1.49525020513282
Picea_mature_2643	2.02835095995902	-5.39456042231943	-3.63551754972711	-1.66082900829921	2.88924862954484	-2.85716477691057	1.66209158372823
Picea_mature_1736	0.207514968641766	-0.241862491842024	-1.52026144173945	0.874777271004684	1.91422068296898	1.46840702717101	-2.26379708502356
Picea_mature_2464	2.34059178970535	-0.19511010307738	2.11066181606105	-0.411935987334321	0.0421082786762055	1.61052350577688	-1.21499160532552
Picea_mature_2252	2.30537255875955	-5.00564530926658	-5.31023219214806	0.616126551749528	0.622367727039459	0	0.334795172753332
Picea_mature_2113	-0.296756718332787	-0.44481103440495	0.960086904340933	-1.05133687165166	-0.750985957925795	3.45553757449335	-3.73855378839185
Picea_mature_2165	-0.57923633113559	0.0498320223034826	-1.06555961102838	0.8186026989491	-0.955627023186431	2.40873923568193	-0.880242836889772
Picea_mature_681	-1.0203349917579	2.32393427628955	-0.651046871967045	0.0224981957027031	1.87646932256329	-3.61103366189765	2.65858504680688
Picea_mature_4064	0.17122990838907	-0.387705789775492	-0.408835368143277	0.0293118018437897	-0.34362402586509	0.420431394941159	-1.07106585763592
Picea_mature_3701	0.129655281565627	0.103537261056555	-0.312498295439834	-0.867661957872196	-0.581819930797123	1.64722208154287	0.539972750547998
Picea_mature_87	2.15627407650706	-3.42553478426156	-1.15793171307563	2.25701690313476	3.79426185141099	-6.97501486211922	-1.36876126178553
Picea_mature_3924	0.0818538908317335	-0.6262506195773	-0.415363506120466	0.646660952868836	-1.43052080646118	1.998657101304	-0.391457374988322
Picea_mature_1663	0.421034897501443	-3.76121947597313	-3.83308706858023	-0.242813703866582	1.44125253650864	-1.97087934666639	1.26441282792454
Picea_mature_2627	0	0.741851779622655	-5.62979544199622	2.3720132338311	0.645965990292308	6.33511000966163	-0.741673668116646
Picea_mature_3845	2.60828906391492	-4.56757117091398	-1.63751436868285	1.57811028535493	4.71092395256258	-10.0620693592699	2.4572182488474
Picea_mature_1613	0.480903101542681	-1.25812845332631	-0.824160078298437	1.06356971362355	0.194829089235094	0.325574735107659	-1.3919820017047
Picea_mature_2637	0.526271359219035	5.62611759323082	1.22330428042921	-1.51257325011029	-0.655847655421632	-0.637636178043131	-0.166662329933137
Picea_mature_2103	0	0	-3.70170250289368	0.347743263556278	1.35278019678273	1.07466214427042	4.11728757073251
Picea_mature_2864	-0.492585641786936	-2.63428498721167	-2.43294798123691	0.838371238078408	5.65515328390395	-9.78429528622756	1.63392050302404
Picea_mature_3346	1.43371376851109	-1.71392093843588	-1.54235841217853	1.34444714289327	-0.684674299117454	1.52669543663682	-2.15348518968425
Picea_mature_470	0.860686366655863	-1.04214295674824	-1.00602462018181	-0.149990967589875	-0.00331144877188265	1.14905528723697	1.50277473742965
Picea_mature_3728	0	0	0	0	2.39612696960651	-0.987714780995857	5.54187022801742
Picea_mature_2080	0.0476475526324178	-0.260455616661946	0.0181343305082566	0.490527676818257	1.45960184463917	-0.133628564593469	1.68423551769942
Picea_mature_1223	-0.372975275460017	0.350960202623346	-2.04900933087064	-0.247568358751148	1.3063637813275	2.03340115071887	4.09754005378753
Picea_mature_3043	0	0	-4.3750282713651	1.40383776783103	1.18013748967469	2.00152671251428	2.88012676616863
Picea_mature_1745	0	0.0663914144694586	1.0342813141692	1.69283510477286	-0.309451073463902	0.407885645767081	-4.13212744565152
Picea_mature_3422	0.752526686486936	-2.29810848429942	-2.111240206316	2.766841844008	1.97416937689318	-5.50724963771382	-1.84862370537529
Picea_mature_3213	0.0741167175576728	-1.58545541237344	-0.244892097687567	0.411890501197157	1.60427238109009	0.186185619297927	-2.01456470324186
Picea_mature_2787	0.0270676581139935	-1.51723252328102	-2.34545189705616	0.301885393102295	-0.668946223861278	-0.57047793856587	1.56226428439069
Picea_mature_2837	-0.666135871860562	-2.07860938662488	-4.78422918582694	-1.26501475139745	1.73795845828129	-1.38475055647642	1.99353536413466
Picea_mature_2957	-0.82602291508438	-0.154526711664054	-0.00348587709339366	-2.27687856643989	0.158739868769387	-1.49728491920179	3.29593290008743
Picea_mature_211	0.0809601723715568	1.02400199228599	-1.62178593947351	1.47284613084256	-0.369851372185843	3.79672363811077	-2.76576882987343
Picea_mature_987	2.23655492826114	-2.89561570000143	-0.955059039203556	2.12539673035979	1.37220607124359	2.05258417604971	-0.223049816448145
Picea_mature_686	-0.936323706704317	0.158538383658909	1.06497590999842	0.312701092843888	1.12475317029704	3.06368872384016	-0.373017275700055
Picea_mature_783	-0.785944465157828	0.069785872850787	-0.921143228365841	-0.362362589372187	1.15707519999165	0.594823711189988	2.84674229194263
Picea_mature_1756	0.5263040437298	1.72833018902033	0.741039171339757	-0.0125196467493259	-1.06871736538434	-1.89841130416111	-0.688172442833957
Picea_mature_1027	0.0556061968170623	-1.35090443607073	-0.856391359061327	0.703543705326452	-0.638758787450463	0.955625191545919	-0.280338928202738
Picea_mature_989	-0.784342402390153	0.649172418084582	0.0888213813806623	-0.227825980781627	-1.61375712019501	0.451343855781835	-0.404495806258814
Picea_mature_1285	1.47992629939073	4.65931173043075	1.29486083087124	-0.142674804236318	0.180704584819414	1.84063813738575	-2.29024856293309
Picea_mature_1457	0	0	-1.90996194233701	-1.9135355152002	3.48586136206411	-3.04537385969638	5.75931446956062
Picea_mature_817	0.328324229311195	-3.2655461621309	-5.70699349354396	-2.0786913432232	1.45271908546888	0.351094325508803	1.26540322740994
Picea_mature_2220	-1.07254073619726	-0.591042217202148	-0.112995626614041	-0.516331632660462	2.47831516180093	-4.41801416811612	3.49851844162821
Picea_mature_4008	-1.63029737922604	-0.516289208833029	-1.14890786365498	-1.45956348361157	0.445842609103262	1.42751428555907	1.90004658681848
Picea_mature_3132	-1.99332794308633	0	2.75131843051202	-0.0732095476015988	0.4708114315498	-1.17627941902622	4.77007103139366
Picea_mature_1366	3.84151478801116	-3.83733972561777	-2.44963366698994	-1.50815948166421	7.19444325775723	-3.18821229167858	1.15057166863018
Picea_mature_3196	-0.242675949929098	-0.807352758018191	-0.582476427663212	-1.02692760028769	0.852601066280905	-3.57825761577103	2.41811508541471
Picea_mature_2935	0.504077024832122	-1.14347188210493	0.142499320797092	-2.78124336829079	1.51775246976732	2.62586230628225	1.96777311343392
Picea_mature_1527	0.0234063681477494	2.36660215295194	-0.138199026543377	-2.25740154783735	-1.57301910517321	4.76444078183675	5.41968257695372
Picea_mature_3676	-2.32498672352084	1.36549323121982	0.83629997659259	-1.20686154647956	-0.261900467626784	-0.0931912850626413	2.00748932724976
Picea_mature_2739	-0.235779887050916	0.818732367046298	-0.0519013777109458	0.405529394640622	0.434884499714006	-0.22542493805788	-1.92864161028657
Picea_mature_846	0	0	-1.81433264198293	-0.419020489193231	3.73484331180875	-0.25583559500267	-6.56056857656098
Picea_mature_69	0	0	0	1.5705760445416	1.44029387948716	-0.988110023434704	6.22218185353962
Picea_mature_1537	0.783862804111186	-3.46304742381792	0.461539916306664	0.205861084395333	-0.0440480321944246	0.511204665516727	2.6770640771866
Picea_mature_3733	-0.0487701292867067	0.217686504036985	-1.33560953077373	-2.0707002831529	-0.311177273735696	0.512266628175321	1.48892039471062
Picea_mature_2493	0	0	3.48153876550573	-3.94978966918686	0.421454339167716	1.51430222783379	1.80749882186166
Picea_mature_148	-0.987510044391775	1.38300310189746	1.00480302536934	1.27885067316538	-0.347559694537883	-0.0411371048630633	-3.06031726468534
Picea_mature_2114	0.482658386216583	0.581271288325762	-0.584306280508768	-2.07226229656477	0.0185219112258912	-1.75017628976032	2.86206246775452
Picea_mature_2944	0.682848193170857	-2.69718498743484	-1.97005792316449	2.3964022654636	4.12558915864484	-7.92099223844394	0
Picea_mature_1495	-0.150648743282538	-0.264562669704598	-1.15477322443605	-1.38985906977211	0.181550204767194	-0.77079929563962	4.25038658018303
Picea_mature_2003	-0.83912141525122	1.5895078933165	0.874072815165221	-1.85734658933952	1.11379602995725	-1.59329860311178	3.81936652667243
Picea_mature_2758	0.198170826243427	-2.0138447830389	-5.02472375827426	4.09854217889445	4.45164547088165	-7.48920337463085	-0.588835099360504
Picea_mature_3736	-0.305289639236032	0.349688799457466	-1.37502424205692	-0.18079773585518	1.23417246399185	-0.952039865221348	1.89084727665615
Picea_mature_554	2.39912719177495	-0.512172692387494	-0.720908657988836	2.14406052368132	-2.13651111608216	4.54619482726903	-4.42572651259541
Picea_mature_961	1.15568804167561	-4.23230498414802	-7.67400569544457	3.0052868245147	1.12889290013381	-2.11139851217789	-0.588836702018716
Picea_mature_975	-0.346572158199502	0.640456498522716	-1.35015231887273	-1.28391940544778	0.828833419865416	3.87967637725193	2.63852751417096
Picea_mature_75	0.361432472363052	-0.932780644683241	-0.497466155665192	0.357290160303033	1.64210677703259	-3.76580370766136	3.38552723913215
Picea_mature_2997	-2.17002021893763	-0.1224728957923	2.62599640467717	-1.48551697228867	0.814259461864275	1.71441943776989	0.608929366512865
Picea_mature_3092	0.14048937991842	-0.0594306020866129	-0.117980955138442	0.867534192138349	0.458156830492991	0.985294195553656	-1.18724877018962
Picea_mature_853	0.304936043054576	-1.54360845898758	0.779239364544141	0.786089639942723	2.21875048187881	-2.02288991053125	1.13636412068728
Picea_mature_3814	0.798280858310727	-0.361450389991625	0.49182321451347	-1.85668237732593	1.56485659778624	-1.72554337570313	1.37099431425183
Picea_mature_546	-0.373368121632861	-0.570569991289574	-0.7452569838117	-0.366702440784945	0.0439326630674229	1.55737932026726	-0.095638970725857
Picea_mature_1007	1.38606781329037	0.453136782440325	-0.147764653798476	1.24642525137063	1.11951562176726	0.55700938802718	0.732453697821703
Picea_mature_2373	-0.88650634521123	1.60709166644843	0.0401151650793265	-0.26442308699959	-0.899636988188342	0.489387219759117	-3.61428030722249
Picea_mature_3282	1.37982119976959	1.95680742467601	1.85154508627429	-0.271642470028764	-0.784710760450344	-0.387628030072843	0.590206935021614
Picea_mature_765	-0.00332381759475038	-1.12993982684146	0.727079629273876	-0.109523231888124	-1.94472641805181	4.88068844552966	-1.74269106107939
Picea_mature_1480	2.43750240718611	2.32361364999077	-1.25023965565334	-1.80370217306665	1.08678625816965	-1.02770922946757	4.81603092285536
Picea_mature_99	0.312539834703548	-3.172647548281	0.401291915127003	0.27995649822927	0.483651761741411	2.82537266411956	-1.2221304362716
Picea_mature_3163	0.526296443631594	1.5625843113378	0.192465097426859	-0.0176572625186897	-0.840915851262285	1.95650071315022	1.24035060933749
Picea_mature_2486	0.134920583835002	-0.156408346862507	-0.660354070807866	2.09486193957829	-0.532191070578219	1.65577384902296	-2.64329914720827
Picea_mature_1263	-0.485242739562053	-3.6384599408249	-1.47972442187353	1.41050688916856	6.49869342504909	-3.89400497547503	-1.30360487846827
Picea_mature_2271	1.41746149151851	4.5661160448628	-0.424043776462115	-0.203919143733325	0.0915271856782905	2.21133253657411	-0.0654772774398353
Picea_mature_1295	-0.0196469190618485	2.20027853032787	-2.60629634366197	-1.94017699230088	-0.114528468639213	-0.6057050709382	0.885659426046492
Picea_mature_172	0.526305443073547	0	1.09319205040593	-1.98679331358488	2.27266368967584	0.655653582790431	3.26784515299701
Picea_mature_4063	-1.3629672730347	2.01613393984942	0.926784993703217	0.332069710151523	-0.415728335223695	0.428381496840901	2.63330457612423
Picea_mature_1530	-0.245114238764895	0.390957080661499	-0.639157542680923	1.57000921793313	0.836282307482092	-1.63039250039511	-0.421590747531253
Picea_mature_1020	1.9938782646483	-2.43551072652922	-2.49929696880463	3.19209899489783	3.72041005120181	-7.61963268951115	-0.902940918851673
Picea_mature_1712	0	0	3.96302130895371	-3.8113260281537	3.66939976520416	0.49511573725997	-0.952025829574811
Picea_mature_840	-1.85760480594748	0.996501371909564	-0.524033372452771	0.553625366692548	0.606255894651887	-1.65496599794595	0.362666382174137
Picea_mature_550	0.99738022912781	-2.11299945582983	-2.69424119115532	3.21151196867909	1.95592984989103	-5.00870666808384	-2.20783433938227
Picea_mature_904	0.702371769698549	1.75722857023632	1.114046847498	-1.2420803190124	0.283004005198672	-1.13988388347786	3.84057832593268
Picea_mature_97	0	0	0	0	0	2.19441069059792	1.72340583327248
Picea_mature_3462	0	0.6635620257886	-2.11819921553186	-1.06078963310328	-0.16034000712922	0	6.69051535194699
Picea_mature_2877	-0.349406316983181	-2.64842598438673	-4.42638541375808	-0.409260271526443	1.80166195482706	2.59368023818987	-0.0971740785219867
Picea_mature_2272	0.934779744726957	-2.86024194479779	-3.07602390080958	2.32140835187681	3.96534453302326	-4.90354534332805	-2.21136057377445
Picea_mature_3350	0	0	3.09254204471689	-0.46733246797837	2.25697017088144	-0.355830439993978	1.7219425507642
Picea_mature_3105	-0.13809351271403	-0.983203311112885	-1.49243432193551	1.04352330413551	-0.733497073575591	2.87979765902343	-1.99884044836407
Picea_mature_522	0.943621058965817	-1.94451152533716	-0.520490442346138	1.90818059407464	-1.2424499639939	2.01684753731703	-3.49959047169925
Picea_mature_624	-0.919488052773072	0.959585712374327	-1.09219691795273	0.688258641607572	-0.0703013431872882	2.54565633234831	-3.42038768256974
Picea_mature_741	0.369132883913193	-2.7318357890495	-3.06536611314184	1.10378780835691	3.47573520859089	-2.82677302860572	0.288435154818434
Picea_mature_3853	1.92052993449915	-3.42464693252513	-1.49587295450013	2.13461826407832	3.55475744891439	-7.26847070320673	0.442497350089096
Picea_mature_3640	0	0	-3.89759260481682	-1.97226860719856	0	0	5.94639954239642
Picea_mature_3197	0	0	0.395896652426574	0.337336870709453	1.67393518688507	-1.72340500401163	3.13960018836108
Picea_mature_1534	3.10508611875438	1.39058209967095	0.0444799570191507	2.27055008456286	3.51342042919057	-3.64084961024061	-3.47990312195346
Picea_mature_800	-0.406358828038687	0.24023303644495	1.02645910678047	0.86120128517119	0.188139765504802	0.115455619721718	-1.81935226446209
Picea_mature_1894	3.20109274761548	-3.92584608547874	-1.0834938196479	-2.85415062831904	3.52682014344222	3.58269565689124	0.361362555618737
Picea_mature_2249	2.45495077096069	-1.22607420946371	0.627034885250177	0.382271197714387	-0.195983415295115	2.67772459006825	-0.536060518877368
Picea_mature_104	0	0	3.19149863326898	-2.26785234473257	2.44353206172304	1.4957297864094	-0.0753687874594096
Picea_mature_852	0	0	-3.03023785220769	-2.62254757028266	0	0	6.07601948957864
Picea_mature_3194	0	0	0	0	0	0	2.11310731951939
Picea_mature_2154	0.188816942108353	-0.869560353836416	0.38172360474898	-1.39239334706634	0.162952674297995	0.53651483786898	1.80485696288803
Picea_mature_1173	-0.853970818910092	0.473919829356757	-0.718129185725035	-1.12210041385947	-0.371576799034901	0.00631386809953548	1.35902357257244
Picea_mature_1984	0	0.859238488450768	-5.74718091134406	0	5.96894817390262	3.96031851759583	-1.22579796262769
Picea_mature_3146	-0.816891821735219	1.40493594697027	-0.930674922773928	-0.578609534732877	-0.197269238511749	1.78309429640003	-0.262221727944228
Picea_mature_2416	0.405414235280008	-0.984240458019059	-0.987677673474132	-1.76189547537033	-0.0694883476250681	1.43593310860659	2.34612325052099
Picea_mature_1133	0.326815952161209	-2.19842169227274	-0.244435862693691	-2.52330767640423	0.541504851182629	0.891065060107467	3.60951875971322
Picea_mature_2089	0.768203411578197	-0.353434614715712	-0.580182318993137	-0.504425880058456	0.221096993024602	-1.43383187419584	0.766747467662214
Picea_mature_1427	0.718730285032899	-1.3388091155741	-0.213772887477603	0.848467559455061	0.898098892242288	-1.12502815016973	-1.30262669529371
Picea_mature_3215	0.543227737997668	-4.09118377585886	-5.10219564786039	-1.84073936174112	2.83112250409448	-1.11575907978452	0.370020475655629
Picea_mature_1975	1.56003248050948	1.96211675222822	-2.20324550152698	-0.0823394925208574	0.753389432183422	0.920805551236964	-0.779267971658495
Picea_mature_3369	0.0972100239910499	0.0950156623327318	0.630101633322992	-0.0578618502455347	0.212997040738174	1.03171987357068	-2.81345194991956
Picea_mature_924	0	0	-5.38707908090438	-0.34744025476634	2.87612730675214	-1.46771000892835	7.3064803952358
Picea_mature_827	0.154669398082394	-2.73601024070601	-5.0354741569967	-2.14296582447675	-0.100000262805558	1.30277566684465	0.945510068001755
Picea_mature_132	-0.0628386493187008	0.266054797352737	0.282711187284835	0.364511183340874	1.16878412112079	2.44010555143178	-1.7071007080523
Picea_mature_2648	0	1.83478124449275	0.566026168283195	0.986512882122575	0.32687552052447	0.425655144853619	-0.0151324353824375
Picea_mature_582	-0.449723190999882	-1.88048610005593	-2.87439816182897	0.140694470604359	0.129315263915091	-1.08917890198341	8.13197760138592
Picea_mature_1588	-0.308523422529687	1.07854646105844	-0.195031027105044	1.55100010475955	-1.14284547093051	3.05195271749635	-4.66589387839698
Picea_mature_932	2.31004771070212	0.811393629845135	0	0	7.71740091136701	-6.30898872289912	0
Picea_mature_617	-0.330307661197813	1.03309372367341	-0.494820006361723	-2.91158090866235	-0.428074591480461	1.33572303951572	2.27055161206905
Picea_mature_2305	0.393326543215277	-2.40164628067735	0.0486947867085326	1.21624817227497	0.307134393335708	0.403798580070875	1.49955752893918
Picea_mature_2909	-0.783192024694569	0.597529702428504	-0.889998609068404	-0.0346756286704859	-1.27353036778727	1.77930059402716	1.12122711876071
Picea_mature_2394	-0.327073532240318	0.214431315909608	0.267249571984901	1.52736822723568	-2.41456681590272	4.40907659075516	-3.96148544132943
Picea_mature_3534	0.546545534608153	-1.88287832309901	0.138701608310205	-0.607080199194157	3.10394736576696	-2.68572611348614	2.20819614475727
Picea_mature_240	3.10126553413948	2.41139738674903	-0.568454014293609	-0.527965120553737	-0.41059399578832	0.0108133640046425	-2.09138211383819
Picea_mature_3946	0	0	0	0	0	1.01707293497276	3.16914822915184
Picea_mature_3756	1.31961367708852	-1.6375080074044	-1.63218171609459	-1.41988256672703	2.35996552181948	4.89133771580569	3.44558890020232
Picea_mature_1798	0.124098944785992	-1.32774885159988	1.50243604786147	1.23735410063553	0.424162554440333	0.157539904551269	-0.57747935164597
Picea_mature_3416	0.074499746148572	-0.168970263122731	-0.440941279517454	-0.386830443494427	3.66180831081033	-1.84160436241756	1.45473144546895
Picea_mature_1497	1.54981159164469	-2.17114624623912	-1.40980839949906	-1.93720244480994	-1.99709458561989	3.80285588200071	2.54746631217272
Picea_mature_1237	-0.206088226522546	1.11467941804056	0.104623672731544	-0.65110183844364	2.19101291132697	3.50785999923031	-2.11120275050305
Picea_mature_3018	2.31004063247302	0.811391812874876	0	0	8.1255567984622	-6.71714460993292	0
Picea_mature_648	0.213636921637969	0.266430229854557	-0.869959545893243	-1.85204345050894	-1.80938696940646	5.9707037355045	0.369172017029001
Picea_mature_3738	0.623221610888377	0.843907828565897	0.245040019276347	-0.422703317799222	-0.176250724395559	2.16792226667837	0.681356411557575
Picea_mature_1411	1.06439149820711	-0.0947149916975336	-2.09915343236046	0.749397158460307	2.39027361504362	-0.170879331646091	-2.06560951945424
Picea_mature_2741	1.6038494929493	-1.19464416960382	-2.8825209534821	1.08231937014998	-0.732753074355437	0.825967358455762	1.06072510406565
Picea_mature_1172	0.00609469127669205	0.343631246004687	0.102765502428795	-1.99891880847852	-0.311717552271815	0.169691948167911	1.84223722968137
Picea_mature_4048	-0.329487821872106	-1.83288349009464	-0.485591969682239	-0.424116793942828	1.75258752099206	1.01602017743504	0.0284275253370406
Picea_mature_1985	-0.0709845826498453	3.61479082489235	-0.201359247739185	-1.55438794098125	-0.337857592254518	-0.603769874739432	2.97862427391852
Picea_mature_2142	0.956708796294055	-2.23924577090949	-3.24053941347021	1.41214979991229	1.14293475581195	-6.03619888592715	3.6310003702368
Picea_mature_3458	0.113352046298936	-0.618040035486323	-0.579118372121969	0.311572939606741	1.10915498869047	-1.52191901841271	1.12909708246512
Picea_mature_3431	-1.26645225812781	-3.21184848347139	-0.470177827989657	0.904871452994311	5.74227527123428	-8.09044157211937	0.914025577720208
Picea_mature_1824	-0.436027117630605	-1.42841217164121	-6.21476441929668	5.26003164286752	4.98092499330838	-5.85628843587774	-2.95072414041
Picea_mature_446	2.12033992442187	0.34273476200566	0.441967150824249	-0.320949976459599	1.948676947396	-0.262614591131126	-2.12436789810293
Picea_mature_1741	0.145761667891155	0.693036996695548	0.820915397852957	0.344157851322334	-0.2360118240753	-0.0824421484972291	-1.09440127241038
Picea_mature_442	1.94468376899618	-1.41286043319775	-3.60598950576686	1.12648509986915	4.95007715368627	-6.0005098046909	-1.84835061140439
Picea_mature_1474	-0.813601176262498	0.687197077695836	-0.309759302100119	0.806373607632644	0.464750942265347	0.815664916421918	-0.121167105394353
Picea_mature_2702	1.12264753885574	2.47986178027968	0.413257527232217	-2.04596301291625	-0.0702484741972871	-1.46869154801885	3.71796808812566
Picea_mature_2822	1.26902289375346	0.085830909969638	-0.305429507790733	-0.898991446633257	1.16474985574505	-0.144413316480394	0.0978509771522027
Picea_mature_515	-0.910706840767675	2.51136581177157	0.571421845831391	0.00954152066942626	-0.717110575498237	2.52110164130422	1.14060345638545
Picea_mature_1892	0	1.49135930750995	-6.37928557342898	1.5847424555542	1.87665151468552	-1.43862489686722	7.28618934482797
Picea_mature_2703	-0.342350435089124	-1.17184109321301	-6.75632471665568	-2.5210424989917	2.11718300847941	-3.71187486636907	3.14239966718277
Picea_mature_851	0.55283408433795	-1.54948950033922	-1.02307391623943	-1.00413937041906	3.76396866141479	0.00794017125229109	1.19666839126146
Picea_mature_782	2.31002250501848	0.811389132276279	0	0	0	0	6.00005320540918
Picea_mature_637	1.97518397518649	-2.28856952586621	-2.36982286472758	2.91300245120108	3.40345258534779	-5.73821355357308	-1.63465712755794
Picea_mature_968	0	0	1.20481040693215	-0.355533725590931	0.283014899311668	2.3364895069398	0.559540123022799
Picea_mature_2984	0	-0.0520314385510877	0.849966684789541	0.736320353542202	-0.429446121915248	1.89117820442876	-2.29935437866696
Picea_mature_1142	-0.0979096468382201	-0.0391006869718199	0.670891667142878	-0.144799359441966	0.230832767967863	1.48634894441937	0.280771932559961
Picea_mature_1886	0.53498059304147	0.493469749865363	2.54873532456705	-0.796891964353466	0.27223003071222	0.116148920023733	0.867895226624224
Picea_mature_1077	0.526302182327345	2.63640007657716	0.514114884843495	-2.06296802126364	0.707354599767505	-3.39708334994264	3.14937400945613
Picea_mature_3135	1.06637030573282	-0.707691344863496	-1.31659862624394	-0.188747324795563	4.46895598180139	-4.29422855629481	0.90587043726497
Picea_mature_126	-0.0629030562267573	-0.315642650833062	0.143904528200483	0.0163419296839822	2.39249280579188	-1.01410470495215	-1.26998143023353
Picea_mature_1255	-0.530241930368876	-1.11739938667593	0.987828770176658	0.433760287593872	-0.392108724030361	1.71389461790394	-0.702335557276701
Picea_mature_443	0.2217088177924	-5.01170545876426	0.887413750617208	-3.62777423780921	5.23496119086864	1.99772870553085	0.573659963709234
Picea_mature_2456	-0.761036719877191	-0.191333745628193	-0.89100420458907	-1.73555666007299	-0.56087884419047	3.43932184278412	0.889054123256479
Picea_mature_1226	-1.02787048206991	1.49710731305191	-0.471853470052553	-2.79855897325278	-0.238872443733998	1.21779970193246	1.94896158527672
Picea_mature_227	2.56874637436566	2.46102634010873	1.28013613403012	-2.03834494453607	-2.00522088554037	-1.98503616977839	-3.20902886332683
Picea_mature_1873	-0.473543790382933	0.0725249927703236	0	0	3.29078983833487	4.92677084996892	-0.451006423007063
Picea_mature_1710	-0.533425914953463	0.586987727154707	-0.0875616845641423	-1.43671127566279	-0.542970723989717	1.75970799765239	0.691091661341486
Picea_mature_3261	1.40817502293771	0.746775399812332	-1.27220106309996	-0.948133574862058	0.439617100937243	0.265343982672392	-0.513945147126121
Picea_mature_2221	0.145804581140592	0.0351756977050756	-0.102421714701299	-2.04635387367868	0.195246596342607	-0.473424356851035	3.09449785397784
Picea_mature_3068	0	0	-0.736063808921816	-4.19824987412032	0.647607916253119	3.85583534727578	3.85227512545009
Picea_mature_488	2.00972267728437	-3.33216949269743	-1.44916745071539	1.88130120479862	3.62978103135124	-6.82834570567285	-0.261910394032858
Picea_mature_1395	-1.61255445251106	1.07723414390485	2.14914017338475	-0.523835898932873	-0.354355567813215	3.20222889230324	-2.58183205593556
Picea_mature_823	-2.94753569703896	1.5422388215558	-1.04942031279222	0.609503964072498	4.08111459957569	0.846947581049531	-2.77273364173856
Picea_mature_2327	0.39136651714131	-0.489751289057423	3.10552886765086	-1.71297517557258	1.81216609970878	0.0442073081032204	1.44097093448719
Picea_mature_3922	-0.250317679885628	2.93495167626724	-0.563722086864902	-1.73124459370323	-0.909279353907101	3.1919832966223	1.30331036055819
Picea_mature_2187	0	3.32036336654653	-0.178745156848227	-0.369854989913121	-0.129428283183037	-1.72514703951486	-2.87772380428627
Picea_mature_2776	-0.591355612808377	0.20084264128966	-0.670367308510757	-0.817611450731333	2.95412863192317	0.0224326366527371	-2.92908277266225
Picea_mature_930	-0.954331936642912	4.02933324716167	2.05650048119625	-0.0769480347835667	-1.22085636104177	-0.861893767093024	2.15382463676675
Picea_mature_2123	-0.747114915000623	0.995545416297865	0.033998662461871	-0.381013077089718	1.26719116533579	-0.234348306370972	0.954528770855448
Picea_mature_1580	0	1.04421850714652	-3.48862554958816	1.33392479889834	3.46587571266091	4.90282662171748	-2.79308345796288
Picea_mature_195	-1.71490233549209	0	2.785788546134	1.14189813418817	-0.526009791823768	1.59845850176148	1.40142939053198
Picea_mature_4031	-0.763287635544449	-1.56620313866873	0.503187490573785	-0.442086943121844	0.16684711259054	2.19240358833449	0.87834305605514
Picea_mature_1657	-0.647342688729571	0.25421100097706	0.114802055282763	0.442141569452318	0.0270450819285685	0.807488539673217	-0.745123996396076
Picea_mature_1098	0.102669610431989	0.451427103784907	-0.388016875205926	-1.28344965915976	-0.278156312922734	1.95642836748293	0.81995634174011
Picea_mature_3849	0	3.95081885569987	0.796707347634705	0.545345497637875	-0.133988793455872	-1.11215388645166	-2.432769695277
Picea_mature_2736	0.797786803050643	-1.19723292734878	-1.28107803853656	-2.74684031736974	2.09264288399053	-1.25327111974613	6.37558712262904
Picea_mature_2820	-0.233937575660289	0.000503465523348894	-0.185366118029632	-0.332906580124871	0.275715853044725	0.00610771673210527	1.55076636074947
Picea_mature_1227	0	3.27345687645578	1.05761879612419	1.63689400853183	-3.80560128043487	-3.76270939122563	-1.85366400687055
Picea_mature_1536	-0.0119545455219482	-1.57320191805191	-0.133881942763011	1.83000860112939	1.06813370297372	0.310660209414601	-2.97815211843246
Picea_mature_1937	-0.0178394772210487	5.51649146607965	1.02823498483343	-0.620832803645113	-1.7560758296193	-1.80034273524001	2.35234758526962
Picea_mature_2763	1.38034649593482	2.88094399226177	-0.774642455183999	-2.4812223008562	0.749338143574384	-0.447048058047235	3.06145896199148
Picea_mature_1405	-0.243257088798241	-0.461562031858261	0.353176680163981	-0.00148415415160325	0.0881176330424846	-0.287034338430189	0.805467145721468
Picea_mature_3928	0.185722308525715	-0.309257111792315	-1.3474487964722	2.18320354453506	-1.27760427896203	3.85961839053159	-3.43034896647899
Picea_mature_3602	-0.466938790516706	1.50233117454075	0.866698611462424	-0.737195074282514	0.764352860492775	-1.17642060517134	-0.32121472161621
Picea_mature_2320	0.606183920611653	-0.188083964162721	-1.21632081584125	1.94576573897739	3.18958154993685	-7.50536003843036	1.85608757864395
Picea_mature_2879	-1.36491945406822	1.38724016270879	-0.127975222697314	1.11796782462058	0.0239875694247169	0.16169462194245	-1.88447716093376
Picea_mature_1135	-0.699252959240682	2.75100018935154	-0.402570778220011	-2.54572035760232	0.138921829316318	-0.261658736542495	1.68241848722501
Picea_mature_3284	-0.228349427124896	-2.63786106149228	-4.17409141486072	-4.55290007621083	4.47343364960883	-2.75913577912258	4.59340317306693
Picea_mature_3425	0	0	0.513858048671613	0.98785729501138	2.77330295188983	0.927268783308414	-6.74541455220527
Picea_mature_2738	0.348589363137233	-1.83792378953013	-0.324499942192987	-0.171468303280035	-1.29020932199758	1.33129567162776	-2.0653867841114
Picea_mature_1508	1.21212949455035	2.7438627039163	-0.782957425744431	-1.31030385452009	-1.19865957144583	3.83308021463158	2.10176451705316
Picea_mature_2096	0.731082416361634	-0.954738845147047	-0.158970926452945	0.936478711831753	1.48286827578857	-2.02840372594234	0.126239600749213
Picea_mature_2420	-1.13567951018324	-1.2584359270112	-2.63504584134514	2.58117066164355	4.93049970015789	-7.33016999105195	0
Picea_mature_3400	-1.3275599426701	2.59685842626136	-0.339129655011226	-0.148179208948293	-1.54355193698825	4.29480850173772	2.05669732989426
Picea_mature_2019	-0.644504354350743	-2.20215985097113	3.09096084850201	-1.61250942335008	1.54400943322655	0.442946503016694	-0.525512804761277
Picea_mature_3837	2.20099427091157	-2.5897521894585	-1.80670485967621	2.28944194207669	3.00727784004882	-5.47072620868737	-1.52775651790094
Picea_mature_3320	0	1.28138956802482	-0.694669075942517	0.945510001668647	-1.78128806578817	2.65735357365465	0.716799018756669
Picea_mature_2193	1.07046576472771	-0.513919513602366	-1.39173081151646	-0.576572815726722	1.12597322223163	1.25455730561941	-1.02728870036262
Picea_mature_3921	0.107718857201881	-1.41482897166593	-0.825569113907174	0.180459495061777	-1.07293161205151	2.88707712835344	-0.0776155204246091
Picea_mature_3823	0.490390040442276	-4.13067568663878	-2.81228734960806	3.91678707076152	1.68736778195925	-1.7647655871622	-1.20867179866906
Picea_mature_1858	-0.317847052377739	0.301022376405006	0.900113630348491	1.18020585695913	-0.434493269114588	0.536740829144993	-1.58429209966754
Picea_mature_2709	0	0	-3.14174003752241	0.230056292168536	-0.716745487984695	1.94724225637254	3.94669821483894
Picea_mature_1078	-0.78646339344927	1.32123247860998	-1.64487356548968	-0.456882414561507	-1.05338297718969	1.09301826619255	1.87651474264798
Picea_mature_1279	-0.383457779738736	0.580786533912394	-5.4687316345453	0	4.83849466404862	4.93661921711292	-1.68894891988565
Picea_mature_3786	0.526294490118787	0.0190765698892438	-2.46807826509044	2.46063890423417	3.4114214125474	3.17254141013032	-1.76201896143003
Picea_mature_421	1.9034120519055	-3.41672440346373	-0.908480768752773	2.69987448953694	3.25347948171582	-6.43513212265779	-2.6318446315647
Picea_mature_3582	-0.309928018530635	-0.968022427941836	-1.34461452466757	1.26836951109961	1.23079252740137	1.12679526703265	-0.334484657046948
Picea_mature_2764	0.981384522764184	-2.68392359443687	-2.53256740402372	2.96697907542312	1.72698631205459	-4.31772518253808	-1.40553763258405
Picea_mature_1058	-0.489771500113476	-1.74847491470129	-1.61858390150133	-1.05952166384807	0.518980814736282	2.98739241884889	0.711075502569636
Picea_mature_3119	0	0	0	0	3.77960143529938	3.76279170388752	0.267252033539028
Picea_mature_252	0	0	0	0	0	0	6.6123993548369
Picea_mature_2170	0.685975588574719	-1.10473748145975	-0.851737875432533	-1.15360476118546	4.86716717675659	-5.60724983520989	2.38905963141585
Picea_mature_3019	0.448732732458723	0.646063411741281	-2.846040069873	0.931992411496686	0.31743292618839	2.73955853860038	-1.13913159165189
Picea_mature_702	0.1706020742153	1.97892108941042	-0.658860455456253	-1.02367247509893	0.136307492664151	0.279861211276222	0.440225798737354
Picea_mature_152	0.798087324218937	-3.07411053350225	1.44646810068779	1.27567325615397	1.55080530793477	-2.33776758859911	1.6410383871275
Picea_mature_3732	-0.143114502705113	0.305146798308849	-0.659856946067318	-0.742819805017052	2.89549847554757	-1.68210862475846	1.74517658077162
Picea_mature_101	1.98622685213388	-3.16121534607971	-1.56831435105616	2.55319971514475	3.46432275468939	-6.12663902688139	-1.77732577141182
Picea_mature_3652	-0.229326926535996	0.418473458531966	0.191911283955063	-2.66443461440375	0.702580081400493	-3.55144464814321	5.68624747052578
Picea_mature_2217	-1.69547412455435	1.04770953463203	-2.74632072425379	-1.61407769741536	1.4525196692841	4.52988950014329	3.61930539345396
Picea_mature_3949	-0.174235141421657	-2.73303544560614	-4.14123039926876	0.941098490785833	0.424509642508334	-4.06404855483889	2.70051968414053
Picea_mature_4001	0	0	-4.43096411423262	-1.4197137118754	3.2706754697375	1.87101298352095	0.323225128140464
Picea_mature_2332	-0.438144088091997	-1.23485734241836	-0.456467926603772	1.59820336818743	-0.698926201621574	2.00762987661852	-3.64569566869381
Picea_mature_1617	0.74893469784325	0.271772816718329	-1.42632208666446	-1.70501654257064	1.38212414399671	-1.21350314089101	3.55542208208304
Picea_mature_1330	1.27279774925556	-1.80452651955721	-1.22004483521239	-0.128247496203169	0.338710634245488	-0.265274449242236	0.586473368412402
Picea_mature_1303	1.03534186307015	0.601994639216817	-0.022762260112761	-0.448850090307539	-0.495902248991645	2.0390985042178	-1.98807806462676
Picea_mature_424	0.52629445955226	0.452810370171575	2.7047293435355	-0.781070617428958	-2.28134117849646	4.67257330776551	-3.29009330711415
Picea_mature_1658	0.758185864619792	-1.05864722608395	0.121158793446394	0.39197721595937	-0.0545942689510921	-0.0109666476143265	1.36168056338931
Picea_mature_2867	-0.0802495256396147	0.605268897329591	0.0335656209494354	-1.55657788746297	0.34472790857557	-0.83919231470875	2.05401254727451
Picea_mature_1034	-0.177347680396665	-1.32654349465258	0.334792721666713	0.118310885906778	-0.181902496437648	-0.251057716832527	0.709279087639549
Picea_mature_498	0	2.19555839588839	1.59246544982433	0.113192179536981	2.18590140947645	-2.98063740691789	-1.58454153322656
Picea_mature_86	0.11485356657991	-2.36617630648279	-1.12390229437778	-1.67807237135195	0.0810401923908712	0.399996798797973	0.727190728336813
Picea_mature_487	0.379509097018921	-2.08829547901047	-0.104113833830286	0.633076030452303	1.57661554922393	-1.92815123165371	0.146086438434424
Picea_mature_984	0.0124610818694532	0.90629004209748	-0.545101630027848	-1.22357776924981	0.47741796045741	0.209414325567803	1.80846436945664
Picea_mature_3424	0	0	0	0	6.17061266703835	-4.76220027604612	6.95939092096603
Picea_mature_74	0.7685100838865	-3.96187336204101	0.693729856471146	-1.84879792295851	1.07675258015714	1.72344479626154	2.91065524295136
Picea_mature_1267	-0.339177555220897	0.738004830170631	-2.24095357792826	2.00104603929295	-0.673613094288045	2.41077624853372	1.43015914100577
Picea_mature_32	1.34997340160659	-3.82960337498423	-5.74672691059004	-1.4738301499978	1.79312463833609	-3.5909669190808	4.17340143178004
Picea_mature_2682	0.864990199824542	-0.723857629940037	-0.596179410085153	2.84864087391961	-0.406682707237213	1.19617548189781	-3.75256559346337
Picea_mature_237	2.40913459653813	1.18797269530035	0.95331665648202	0.657015403344359	0.42099807471414	0.943867260908126	-0.513123209316535
Picea_mature_407	0.0642435885283947	1.0603338366606	-0.439840054334421	0.754739327704437	0.651411275461934	1.37607245953295	-0.897772967961124
Picea_mature_302	-0.046141328780096	0.753371159657015	0.644570709102573	-0.444551630701189	0.302900833217614	-0.675871812246948	1.19748646039134
Picea_mature_350	0	2.9987353205584	0.162292158623214	-1.06206979977741	-0.0372580664554965	1.17239303436484	-0.556814561943777
Picea_mature_294	0.5342956216072	4.16368379522849	0.763430174248726	0.630140628656258	0.978704502713724	-1.9381971835743	-1.22987420937015
Picea_mature_1944	0	0	0	0	0	0	7.15140376981593
Picea_mature_307	0.117836554543658	0.517984424720099	-0.171695877591493	0.427230816223284	-0.77476442275099	1.71387357525966	-1.81675439135987
Picea_mature_207	0	0	0	0	0	5.74193164361825	2.35707201955999
Picea_mature_2316	1.041462370139	-2.19563597295097	-2.27178373617877	1.87868811686481	2.24446319520251	-8.38176332816247	2.10450935974327
Picea_mature_3095	-0.463104449577331	1.0628147114146	-0.315054311278836	-1.60310475158475	0.529697644415129	0.43294358607594	0.476662813000788
Picea_mature_2621	1.39222484426009	-1.41015499212078	-1.15822593525749	-0.877609903548888	1.81360569719138	-1.25416175183013	0.814897573930908
Picea_mature_2398	0.126725232441536	-2.51306804380474	-2.59616048423938	2.92603307194629	1.94845092334656	-3.79506310654078	-1.95306334751514
Picea_mature_3493	0	0	-1.84805629844348	-1.24767461654102	0.63332565025626	1.06834162465518	7.21465561861306
Picea_mature_1893	0.0192695750733903	-1.89090777510572	-1.11417637089436	-0.763947126470258	2.64897341759023	-4.93745474481595	4.08976524685709
Picea_mature_2224	0	-0.0109708903699933	1.62122447059875	-0.76003065114311	1.48458198134277	0.0947681979379799	0.943100199467439
Picea_mature_952	-0.143120254470848	0.224579927914735	0.488620028286898	-0.929790922172017	0.168018377753552	-1.40443357106776	2.21480781110761
Picea_mature_2467	-0.31362820159808	-0.326711678848189	-0.293828248566825	-1.58696268621242	0.938958783069592	-1.27229799614992	2.03641136821516
Picea_mature_1857	-1.41527230524766	-0.235637294845012	-3.92984718988262	-0.323862556654284	3.12600846882658	1.08274470578691	-0.847501921441243
Picea_mature_832	0.35170651275186	-3.27179312935123	-1.88379447207913	0.374165687875916	5.6120237427235	-10.649320168801	2.74059516545544
Picea_mature_1651	0.815011044515918	-2.52160096917625	-1.42332476258947	-2.16894384708273	0.229968763628072	4.36479504679442	0.318602008020924
Picea_mature_2720	2.32481203214401	0.209066115761041	2.08620621451279	-3.29110113249375	-2.51601222348651	1.05557343121295	4.56995537615744
Picea_mature_3712	-3.52693842458459	0.90724471115329	-0.573387642908221	-0.522072400767402	1.50480084250938	0.798869954506959	1.24930306617291
Picea_mature_674	-0.0208842258269992	4.75545055509384	1.07912952188118	0.811003263340224	-0.541249589927795	1.37103619390011	-0.891479257735142
Picea_mature_1953	1.69763148763832	-0.881840731905096	-0.240186488243964	-1.62403639000148	1.21534227497067	-0.972824981113896	2.52140868886304
Picea_mature_1004	0.429992836471175	-0.0511292622718509	0.135749347508197	-1.23299468508993	0.897225158162331	5.14044500511737	1.31473953740724
Picea_mature_2058	-0.593013115491077	-0.158968414476289	-0.509339461414122	-1.76362918689242	-0.530747021285937	-1.01308177031251	3.16634323361431
Picea_mature_2256	-0.596248586305526	-1.09781052077745	-0.222639017069749	1.97962791368879	-1.25892505939529	1.90426620008616	-3.51557587270615
Picea_mature_1484	-0.373127816199483	3.64878940485252	-0.179758672674496	-0.899978710392491	0.0617079548260021	-2.0730314523215	-1.82119321764858
Picea_mature_787	-1.37446536974494	0.996956176365501	0.0167540055038479	-1.00138714770092	-1.24525531200083	0.297377544408989	0.490527600309132
Picea_mature_3562	0.315998027441301	-3.38053587638972	-0.94969553932502	-1.31843942918785	5.41652116234538	2.51580353405255	0.796370193958498
Picea_mature_1414	-0.227008383393846	0.157089667934743	-1.19551464806971	0.144464712936871	-1.07854700413346	0.54323884598677	0.520865460420708
Picea_mature_642	-0.119555472213632	-3.05813897374707	-4.80833866580263	0.626576810137908	0.369437442791313	-2.60507655428151	0.437307005100894
Picea_mature_2063	0.171300377053746	-2.36647610996322	-2.9036542815434	0.0784068172630739	0.722017003902093	-1.04482158581426	0.0955266088041621
Picea_mature_2431	-0.240283611832127	-0.263998167690126	0.327392714604783	0.471999620470451	0.573423601450232	-1.02561303976368	-0.34146357548504
Picea_mature_2059	0	0	-4.90119995285681	-1.00569508028471	4.10037645149533	-0.884993205381339	-3.35758360078623
Picea_mature_2438	0	0	0	1.58668001096557	0.646971825085908	6.11484473958209	1.94006745229095
Picea_mature_2617	-0.108973145420342	-2.04631643307728	0.0866805540974615	0.0538902865792976	1.33039237262286	0.278033868391075	-0.196575859437009
Picea_mature_2444	0	0	4.54728470682411	-3.03961742606486	-1.65849147010088	-2.54329893389236	3.9335875238769
Picea_mature_2471	0.584300861356156	-3.59421976305036	0.18416887324271	2.27808772389314	-1.23872565750665	3.18405422762099	-0.809674554558041
Picea_mature_363	0	1.08500147050005	-3.44212015028038	0.130970965800077	-0.442723252775259	1.83760412901046	4.36206191360451
Picea_mature_343	0	0.699763746501581	-0.821765086707911	-0.292080793948251	-1.4524179771311	3.82680287390489	-0.518977955537492
Picea_mature_3681	1.98727196058229	-3.09903647865928	-2.01605904260967	2.13847738143421	3.84498936648568	-7.20676973919937	-0.490495534684074
Picea_mature_1578	0.217228814638802	0.0458597999567099	0.755572191313487	-0.996562352716419	0.802547043992554	-0.846007194556879	1.73297848504022
Picea_mature_3943	1.94551302998976	-3.41408786785461	-1.69461431222405	2.85759460721555	3.54060983618106	-6.35265076972562	-1.78699593149137
Picea_mature_1846	0.688858181594819	0.397369570706203	0.629123836368931	1.50819459845612	0.358762546537099	-0.453232190692825	-0.663044681105629
Picea_mature_1991	1.56341401584216	-3.11016378271453	-1.33650844296635	-1.16521543037605	1.66768171905356	-1.18729451501556	1.56258219435565
Picea_mature_93	-0.407911622005787	-1.45196873012585	-0.783525469838264	0.381525706915691	3.00062036121253	-3.75577600885469	-0.284262993288462
Picea_mature_3100	2.19207779555025	-2.95720938095043	-1.82447119069081	2.64206084132582	3.55275422722087	-7.14616730687604	-0.533207707739649
Picea_mature_1222	0.526300847040651	0.642663538926381	-1.4756030535455	0.436440758884136	6.3995635966853	-5.67989670798304	0.516062905452523
Picea_mature_3354	0	4.09014818450186	-1.49191918990695	-0.640744050030282	-1.53263437434956	-1.31563316204434	1.29272919201042
Picea_mature_1407	0	0.289924430654541	-3.34674893205874	0.597585021889072	4.95054854910872	-0.15197752228601	2.7497787368156
Picea_mature_679	-0.81044473649997	-0.010378693803775	-0.543466247460738	-1.41844488231036	2.98227839856199	-3.62017235193158	4.17920961037768
Picea_mature_1538	-0.0799136466301764	0.196143448149816	0.701253005773746	-0.646987638742923	0.73982216749675	-1.20792597054006	3.03574332249617
Picea_mature_660	-0.292950625786892	-2.11380702712273	-3.33747531193282	-0.65352619274682	1.92954924774532	-4.84334121511499	4.30038237989429
Picea_mature_1590	2.3426078887108	-0.284583224580438	3.15104324064119	0.0640131281072963	-0.867557712429419	-0.211857084061985	2.6840597989747
Picea_mature_135	-0.345495370801586	0.882359718670874	0.242564711915948	0.0898720370767875	-0.811725262483416	2.11950643501167	-2.07160344192224
Picea_mature_1838	-0.432632149834223	1.08292042958197	-1.15369506808484	-2.41759938266206	-0.965107423238094	0.418688538052213	2.46699800925472
Picea_mature_3267	0	0	-4.54001653438118	-1.36688031442733	2.90517956202155	-1.49676737410303	0
Picea_mature_51	-0.131403007215334	-1.30857687899618	-4.82568540103256	1.48744575090499	4.97364205090856	-5.40010316712768	0
Picea_mature_3232	-0.13947597523108	1.04375740769631	-0.446596316986096	-2.79373538789844	0.397231145929557	2.90442800635039	1.68255005575925
Picea_mature_1339	1.00677891351585	-1.60455220566206	-2.16550550968044	2.50971135018215	2.22646381277212	-5.92599866836815	0.984123222612861
Picea_mature_993	-0.979978324037463	-0.145205639234598	-2.73711776463367	-0.938426449804048	-0.690913214828075	2.84302553586932	1.13542434051633
Picea_mature_1481	0.628173602264052	-0.708254597964441	0.155864856613823	-1.32973693174908	-0.536094429342811	1.88123936077898	0.106959660852945
Picea_mature_3867	-2.36001637448715	1.26724383726788	0.116238800327482	-0.439563722247716	3.22741220858159	-3.01907127647366	1.31908370078287
Picea_mature_474	0.366501595415568	1.19038797784379	-0.974603187941101	-1.40746359172687	-1.41764272932307	2.84674552134472	-0.937962236098909
Picea_mature_3502	0.371176049613875	0.989499091318875	-0.087347421756271	-0.768401375538036	-0.953275633947685	-0.130806549740086	1.14499850570476
Picea_mature_2025	0.463348826941657	-1.24799950563979	-0.21260312957967	-1.42812884502333	1.32148192734783	0.309353634113836	1.55970912811414
Picea_mature_3560	0.0457055937462279	-2.06247826872192	-0.809932021681481	-0.955886947638537	2.17674815142949	-1.57776588500328	1.86067420411735
Picea_mature_1890	0	2.25910288718158	0.731525324118951	-7.2642217655758	0	1.72964079428018	2.28031500003771
Picea_mature_3865	0.748897695124431	-3.88776174514302	-5.25194011525537	0.313376313555039	0.291632837314581	-2.05571204325696	0.301281672989974
Picea_mature_659	0.441667506032278	-0.915625517349676	-2.62651351378092	3.62158083953365	-1.22666225342786	3.26930427675294	-3.3453255909757
Picea_mature_628	-0.206733823730709	-0.15612398123098	-0.196077658326421	0.069557286686413	1.62723415990481	-1.97888202587861	0.259186068478011
Picea_mature_3314	-0.947407157093722	0.720019642413851	-0.313167893077394	1.32441862073566	-1.79065912265071	5.269652834831	-3.83482394905686
Picea_mature_1093	2.01804669655446	-3.28506381451409	-1.55415002458444	2.0885796854889	4.17702049368009	-7.47964430052465	-0.0301619052138145
Picea_mature_1711	-1.44947702113683	-0.301898026504793	-1.36797174651177	1.41536002611113	-0.575671030075922	1.92928567698093	-0.0445582398739299
Picea_mature_3488	3.19959706794423	-0.274434021344204	-1.33519590097444	2.50955823042087	-0.540594748637972	2.449932212385	-2.44754932279884
Picea_mature_2673	-0.294473369029053	-0.112562569395996	-0.0324669356334237	0.107842744775748	0.607208024211227	-1.78782672164412	2.37450754630709
Picea_mature_1762	0.0668008835619088	1.40885800904854	-0.186642135473051	0.00385594096444176	0.326818390518362	0.88235364089273	-0.153949116459224
Picea_mature_492	-1.9783921126953	0.0498847497928813	-1.33670400560437	0.333440513440804	3.06807853910914	1.43176627541059	1.05904956694189
Picea_mature_2132	1.40047330397705	-1.12963957880132	-1.43666258132208	1.59052949526902	-0.155448757493764	2.06543364657741	-1.50621883636718
Picea_mature_3468	0.759480248380932	-2.66382785790998	-0.930438348384769	-0.210601370608018	3.38108212799457	-4.95920962877981	3.15843314469309
Picea_mature_2760	1.66885107945665	-0.862435676644262	-0.0568641825090545	0.40881927827759	-0.212726417486256	2.36889191903311	0.324630476291105
Picea_mature_2514	1.49311937509465	0.769919752213258	-1.35214968861488	-1.38550927349296	-1.68761783359958	3.46650919080322	4.6814676044998
Picea_mature_3765	0.163866224306151	-2.51215242482161	-4.4323582303015	3.30246083140306	3.72204505790924	-3.60215752256213	-2.3556719783387
Picea_mature_2150	-0.0479402056538603	1.32267575929942	-0.460869387579857	0.168754644288663	-0.0733664413449423	2.09585521461866	-0.796158026597871
Picea_mature_1470	0.518761670372238	0.123942936004593	-3.92717439891379	-1.29908497408387	5.02622030288075	1.36201447589026	-4.79184910233418
Picea_mature_744	-0.00808627989716865	-0.264230091924779	-0.125059766885809	-0.0569485560520312	0.227644310612212	2.58118784184356	-1.13555661754052
Picea_mature_2572	0.4264217864574	-0.358710368691415	0.557026115230463	-0.270885844028102	1.19228128656981	-1.54630718606308	-0.490162903478386
Picea_mature_561	-1.81336179489853	-0.577974761852639	-0.161230166292974	1.15431844731912	2.02263535063193	-0.690373837583802	-2.15358746205247
Picea_mature_2480	-0.263505296232417	3.98030161083325	-3.74797101903012	-1.27875423674593	0.0510903269277098	0.147283838548103	6.27333429170969
Picea_mature_2338	-0.682048321811093	-0.205634194733149	-0.237188884509513	-2.16210648015085	0.735973054453559	-1.13642293953649	3.17127745061259
Picea_mature_2980	-0.326800372618424	0.868995157641942	-0.231653466652901	-1.32361752410629	0.635927870718902	-1.0609801644708	2.7281307061927
Picea_mature_1860	1.05274078655487	-0.472823378690351	0.101193322554974	-0.950029179459683	1.09792958163021	-0.0272879784188257	1.19039174208284
Picea_mature_772	0.949517036959547	3.24317843948904	0.631152200566728	0.591440843527714	0.603781127776619	-0.798488518683381	-1.91417476973707
Picea_mature_2607	1.86397481821002	-3.2521504119895	-0.88079076877689	-0.49571809273836	0.775755244079091	1.08613109908923	-0.51650446233271
Picea_mature_2028	0.286157813217338	-1.52992832242752	-3.46661251222916	2.10485935856623	4.97158162691998	-7.91730224316495	0
Picea_mature_205	0	0.569705519366817	-0.900210229523701	1.41023230212696	-0.116356516014423	1.53401199626446	0.59205771297933
Picea_mature_1569	1.7722953577232	-1.45262073576534	-1.7194540807172	-2.28011765701471	3.77906017241923	-2.07918513700332	2.09880712225877
Picea_mature_972	-0.412834233340069	1.44797680691817	-1.53536820840177	0.224586809287201	-1.48751784371809	2.76167762952403	-0.135979782039283
Picea_mature_296	-0.489541132393493	0.490095668350515	0.377978721517696	0.468857582685116	-0.333436770694646	0.222294057501486	0.129786573580756
Picea_mature_1816	2.34723058931151	1.5988623227836	1.73603495781005	-1.36846392251179	0.978854406938518	0.943713402438949	1.48978902305192
Picea_mature_2248	-0.894727180646467	0.512145106704909	-0.644766508219107	1.19387728435387	-1.87237146031855	1.17055106094627	-0.963525085375624
Picea_mature_2977	2.89521360902087	0.612507745700907	0.576249900657697	0.402527942341435	0.375088593604693	2.88984518636701	-1.19951509388274
Picea_mature_678	0.689054003349838	-1.9948297522935	-1.58098518499403	0.398941380934175	0.869700990829077	2.27920744389786	-2.66002627425557
Picea_mature_1604	-0.286859869034704	-1.94102510055588	-1.73881499217766	0.693456100340284	-0.697873583936525	2.34181132888922	0.859169982867551
Picea_mature_926	0	0	-3.23900108552621	-0.267412522963449	1.77221112453531	-0.0763514574382786	6.49100854654254
Picea_mature_1032	4.88902663005628	-1.97382258647243	-0.243163526127375	-2.30382417420978	1.85370036392687	2.50514692667307	-0.173647775920893
Picea_mature_2524	0.356005726348066	-1.46304436626512	-1.10591183538198	0.298830498223713	1.84787370898713	-2.1548803718497	1.75416134388963
Picea_mature_3365	-0.377417513522269	0.616054145819128	0.0406211397513146	-0.6740918638979	0.618963969328845	-0.308308482676988	0.777531217403607
Picea_mature_1605	0.881978755715198	-2.81326338486128	-3.33325205487317	0.754669339119266	3.99048150358349	-5.77125806878483	-0.361914801737654
Picea_mature_2865	-0.340965472860082	0.514707929316075	0.596190681735319	-1.61548434430662	0.167181709475933	-1.96127120749085	3.67080969447095
Picea_mature_3603	0	0	-4.10443501123943	-0.347442836536607	6.71515676514436	1.54423643602904	1.24566268860597
Picea_mature_20	1.12184296917844	-1.63383025680085	-5.32165306730075	5.51183786281322	3.68269377740665	-5.49020195681551	-3.23218069911256
Picea_mature_2797	0.392111075263179	-2.52319347829012	-1.00589013730002	-1.01106020702712	-2.30989535551024	3.07799649190675	0.526976445449057
Picea_mature_1271	-2.22231434070716	2.69731941047799	0.585438668540816	-0.177272722822721	1.53442828109541	-1.93147730266461	1.14279259486802
Picea_mature_2097	0	0.124714756647094	-0.676850164635258	1.13135668510237	1.85335919803641	2.99120046203549	-1.0822102001582
Picea_mature_1560	0.784911210806278	-0.206114546267321	-0.973533739424316	-1.1471973524423	-0.637108388752878	-1.1515867172284	0.521514171875369
Picea_mature_2226	1.37790230406937	-0.135986951491796	0.315038962880783	0.328302141561374	2.79001620145613	0.731342246540166	-0.895904889454759
Picea_mature_3604	0	0	0	0	0	0	5.98254357297001
Picea_mature_735	-0.506318993923485	-0.929074082942709	-0.233862641480952	-1.47807053148073	1.34741801158706	0.370936059118185	5.56258791956352
Picea_mature_3264	-0.377309767961601	1.83457820284286	-0.585981541702122	-0.218847243738851	-0.887765916214711	1.87497586561902	-0.065012771042051
Picea_mature_3277	-0.538300375500065	2.41135949672246	-3.13349086371153	-0.602020054294457	-1.11959532439237	-1.57335688956525	1.09569334406676
Picea_mature_1725	-0.305003018624375	0.686501582158091	0.119022436658766	-0.0397403117428935	1.26033194571234	-1.46979607175698	-1.25821877070989
Picea_mature_2774	0.19788822633343	1.83889955227241	0.653866252492718	-1.71243403934979	-0.110863854289746	4.39523610117653	0.222343471501488
Picea_mature_1010	0	0.998648196567073	1.11676088635441	-1.8357824922121	0.316157046246688	-1.51224780104503	1.65836262719789
Picea_mature_2177	-0.200244710669114	-0.130982255722646	-0.310875014375351	-0.378882428783104	1.44567216148437	-0.87393853697266	-0.488814665055818
Picea_mature_3109	-0.234036689266573	1.41435298711681	-1.07734563675842	-1.12141390763052	0.87265204688104	5.65720484410677	2.56174063367569
Picea_mature_283	0.526325866925745	1.3212011971891	-5.24734338476415	-0.347442182358272	0	5.55589630364086	-1.12202353993208
Picea_mature_3752	1.58017901064443	-3.62252752972131	-0.895926736618411	-1.32376283918495	4.44549600322534	-3.19840606220253	2.09622039753594
Picea_mature_3777	-0.509789673780571	2.66313899630866	-0.327674023937434	-2.54357932110604	-0.332025676628369	-0.138276598337288	3.1850032745322
Picea_mature_112	0.196900936876988	-1.64218468143287	-1.15998379188873	-0.453818127769305	0.930250440619505	-3.68227162904285	1.71553209426488
Picea_mature_2723	-0.13249169440415	-0.911154050906683	-0.632975849642699	0.569196251812212	0.377711075056346	-0.276613036042283	1.29495906593841
Picea_mature_1361	0.540384236292581	-1.89227378922992	-0.811037245047028	0.885555433440719	-0.527692369994034	0.101587349569189	0.484296076538356
Picea_mature_3454	0.558606407549834	-1.03150762451961	-0.769231753781244	-1.92263327706955	0.437298235543243	0.0852641712984795	2.47416183844893
Picea_mature_3027	-0.199575618206695	1.41322588295706	0.633066538539111	-0.631539364003052	0.835162613307243	0.826941443582829	0.899447022455389
Picea_mature_43	-0.0017712922412573	0.504527540312385	0.716917088860787	-0.429353537538882	-0.215846030348357	0.462157817601455	1.51038028564016
Picea_mature_2241	1.48711380938725	-2.21952147710391	-1.91573603397896	2.78199035091556	3.37651617014136	-6.95319016027405	-0.235027436324663
Picea_mature_2515	0.591913444711258	3.26156445327348	0.206784962781446	1.92461104516288	-1.02929096742351	2.66149529391736	-8.26113409123384
Picea_mature_1316	0.195179530254098	0.689180901542887	-0.782767858930405	-0.586725302497131	-0.739836287795281	0.593683492534734	0.541267795485656
Picea_mature_219	0.716005971553295	-3.17745226140281	-6.07258618680666	1.98540191869993	8.67071816379167	-9.14253171153192	-0.925557246063165
